check	tier	decision	reason
AddNullMarkedToClass	off by default	EXCLUDE	(b) contradicts the NullAway OnlyNullMarked package-at-a-time ratchet (package-info.java @NullMarked); NullAway coverage is out of scope
AddNullMarkedToPackageInfo	off by default	ADD	Apply @NullMarked to this package
AddressSelection	default-on WARNING	ADD	Prefer InetAddress.getAllByName to APIs that convert a hostname to a single IP address
AlmostJavadoc	default-on WARNING	ADD	This comment contains Javadoc or HTML tags, but isn't started with a double asterisk (/**); is it meant to be Javadoc?
AlreadyChecked	default-on WARNING	ADD	This condition has already been checked
AmbiguousMethodReference	default-on WARNING	ADD	Method reference is ambiguous
AnnotateFormatMethod	default-on WARNING	EXCLUDE	(c) needs dependency: requires @FormatMethod from error_prone_annotations
AnnotationMirrorToString	off by default	EXCLUDE	(a) no surface: no annotation processors in this codebase
AnnotationPosition	off by default	ADD	Annotations should be positioned after Javadocs, but before modifiers
AnnotationValueToString	off by default	EXCLUDE	(a) no surface: no annotation processors in this codebase
ArgumentSelectionDefectChecker	default-on WARNING	ADD	Arguments are in the wrong order or could be commented for clarity
ArrayAsKeyOfSetOrMap	default-on WARNING	ADD	Arrays do not override equals() or hashCode, so comparisons will be done on reference equality only. If neither deduplication nor lookup are needed, consider us
ArrayRecordComponent	default-on WARNING	ADD	Record components should not be arrays
AssertEqualsArgumentOrderChecker	default-on WARNING	ADD	Arguments are swapped in assertEquals-like call
AssertFalse	off by default	ADD	Assertions may be disabled at runtime and do not guarantee that execution will halt here; consider throwing an exception instead
AssertionFailureIgnored	default-on WARNING	ADD	This assertion throws an AssertionError if it fails, which will be caught by an enclosing try block
AssertSameIncompatible	default-on WARNING	ADD	The types passed to this assertion are incompatible
AssertThrowsBlockToExpression	default-on WARNING	ADD	assertThrows calls with lambdas containing a single statement can be expressed more concisely
AssertThrowsMinimizer	default-on WARNING	ADD	Minimize the amount of logic in assertThrows
AssertThrowsMultipleStatements	default-on WARNING	ADD	The lambda passed to assertThrows should contain exactly one statement
AssignmentExpression	default-on WARNING	ADD	The use of an assignment expression can be surprising and hard to read; consider factoring out the assignment to a separate statement
AssistedInjectAndInjectOnConstructors	off by default	EXCLUDE	(a) no surface: no dependency-injection framework (Guice/Dagger/javax.inject) used
AssistedInjectAndInjectOnSameConstructor	default-on WARNING	EXCLUDE	(a) no surface: no dependency-injection framework (Guice/Dagger/javax.inject) used
ASTHelpersSuggestions	default-on WARNING	EXCLUDE	(a) no surface: targets Error Prone plugin / annotation-processor authoring
AttemptedNegativeZero	default-on WARNING	ADD	-0 is the same as 0. For the floating-point negative zero, use -0.0
AutoFactoryAtInject	off by default	EXCLUDE	(a) no surface: AutoValue/AutoFactory/auto-common not used
AutoValueBoxedValues	default-on WARNING	EXCLUDE	(a) no surface: AutoValue/AutoFactory/auto-common not used
AutoValueFinalMethods	default-on WARNING	EXCLUDE	(a) no surface: AutoValue/AutoFactory/auto-common not used
AutoValueImmutableFields	default-on WARNING	EXCLUDE	(a) no surface: AutoValue/AutoFactory/auto-common not used
AutoValueSubclassLeaked	default-on WARNING	EXCLUDE	(a) no surface: AutoValue/AutoFactory/auto-common not used
AvoidCommonTypeNames	default-on WARNING	ADD	Never reuse class names from java.lang
AvoidObjectArrays	off by default	ADD	Object arrays are inferior to collections in almost every way. Prefer immutable collections (e.g., ImmutableSet, ImmutableList, etc.) over an object array whene
AvoidValueSetter	default-on WARNING	ADD	Prefer using the enum-accepting rather than the int-accepting setter for enum fields
BadComparable	default-on WARNING	ADD	Possible sign flip from narrowing conversion
BadImport	default-on WARNING	ADD	Importing nested classes/static methods/static fields with commonly-used names can make code harder to read, because it may not be clear from the context exactl
BadInstanceof	default-on WARNING	ADD	instanceof used in a way that is equivalent to a null check
BanClassLoader	off by default	ADD	Using dangerous ClassLoader APIs may deserialize untrusted user input into bytecode, leading to remote code execution vulnerabilities
BanSerializableRead	off by default	ADD	Deserializing user input via the `Serializable` API is extremely dangerous
BareDotMetacharacter	default-on WARNING	ADD	"." is rarely useful as a regex, as it matches any character. To match a literal '.' character, instead write "\\."
BigDecimalEquals	default-on WARNING	ADD	BigDecimal#equals has surprising behavior: it also compares scale
BigDecimalLiteralDouble	default-on WARNING	ADD	new BigDecimal(double) loses precision in this case
BinderIdentityRestoredDangerously	off by default	EXCLUDE	(a) no surface: not an Android app
BindingToUnqualifiedCommonType	off by default	EXCLUDE	(a) no surface: Dagger not used
BooleanLiteral	default-on WARNING	ADD	This expression can be written more clearly with a boolean literal
BooleanParameter	off by default	ADD	Use parameter comments to document ambiguous literals
BoxedPrimitiveConstructor	default-on WARNING	ADD	valueOf or autoboxing provides better time and space performance
BoxingComparator	default-on WARNING	ADD	Comparator.comparing unnecessarily boxes numerical primitives
BugPatternNaming	default-on WARNING	EXCLUDE	(a) no surface: targets Error Prone plugin / annotation-processor authoring
BuilderReturnThis	off by default	ADD	Builder instance method does not return 'this'
ByteBufferBackingArray	default-on WARNING	ADD	ByteBuffer.array() shouldn't be called unless ByteBuffer.arrayOffset() is used or if the ByteBuffer was initialized using ByteBuffer.wrap() or ByteBuffer.alloca
CacheLoaderNull	default-on WARNING	ADD	The result of CacheLoader#load must be non-null
CanIgnoreReturnValueSuggester	off by default	EXCLUDE	(c) needs dependency: requires @CanIgnoreReturnValue from error_prone_annotations
CannotMockFinalClass	off by default	EXCLUDE	(a) no surface: Mockito not used
CannotMockMethod	off by default	EXCLUDE	(a) no surface: Mockito not used
CanonicalDuration	default-on WARNING	ADD	Duration can be expressed more clearly with different units
CatchAndPrintStackTrace	default-on WARNING	ADD	Logging or rethrowing exceptions should usually be preferred to catching and calling printStackTrace
CatchFail	default-on WARNING	ADD	Ignoring exceptions and calling fail() is unnecessary, and makes test output less useful
CatchingUnchecked	off by default	ADD	This catch block catches `Exception`, but can only catch unchecked exceptions. Consider catching RuntimeException (or something more specific) instead so it is 
ChainedAssertionLosesContext	default-on WARNING	EXCLUDE	(a) no surface: Truth not used (JUnit 5 assertions only)
CharacterGetNumericValue	default-on WARNING	ADD	getNumericValue has unexpected behaviour: it interprets A-Z as base-36 digits with values 10-35, but also supports non-arabic numerals and miscellaneous numeric
CheckedExceptionNotThrown	off by default	ADD	This method cannot throw a checked exception that it claims to. This may cause consumers of the API to incorrectly attempt to handle, or propagate, this excepti
ClassCanBeStatic	default-on WARNING	ADD	Inner class is non-static but does not reference enclosing class
ClassInitializationDeadlock	default-on WARNING	ADD	Possible class initialization deadlock
ClassName	off by default	ADD	The source file name should match the name of the top-level class it contains
ClassNamedLikeTypeParameter	off by default	ADD	This class's name looks like a Type Parameter
ClassNewInstance	default-on WARNING	ADD	Class.newInstance() bypasses exception checking; prefer getDeclaredConstructor().newInstance()
CloseableProvides	default-on WARNING	EXCLUDE	(a) no surface: Dagger not used
ClosingStandardOutputStreams	default-on WARNING	ADD	Don't use try-with-resources to manage standard output streams, closing the stream will cause subsequent output to standard output or standard error to be lost
CollectionUndefinedEquality	default-on WARNING	ADD	This type does not have well-defined equals behavior
CollectorShouldNotUseState	default-on WARNING	ADD	Collector.of() should not use state
ComparableAndComparator	default-on WARNING	ADD	Class should not implement both `Comparable` and `Comparator`
CompareToZero	default-on WARNING	ADD	The result of #compareTo or #compare should only be compared to 0. It is an implementation detail whether a given type returns strictly the values {-1, 0, +1} o
ComparisonContractViolated	off by default	ADD	This comparison method violates the contract
ComplexBooleanConstant	default-on WARNING	ADD	Non-trivial compile time constant boolean expressions shouldn't be used
ConstantField	off by default	ADD	Fields with CONSTANT_CASE names should be both static and final
ConstantPatternCompile	off by default	ADD	Variables initialized with Pattern#compile calls on constants can be constants
DateChecker	default-on WARNING	ADD	Warns against suspect looking calls to java.util.Date APIs
DateFormatConstant	default-on WARNING	ADD	DateFormat is not thread-safe, and should not be used as a constant field
DeduplicateConstants	off by default	ADD	This expression was previously declared as a constant; consider replacing this occurrence
DeeplyNested	default-on WARNING	ADD	Very deeply nested code may lead to StackOverflowErrors during compilation
DefaultCharset	default-on WARNING	ADD	Implicit use of the platform default charset, which can result in differing behaviour between JVM executions or incorrect behavior if the encoding of the data s
DefaultLocale	off by default	ADD	Implicit use of the JVM default locale, which can result in differing behaviour between JVM executions
DefaultPackage	default-on WARNING	ADD	Java classes shouldn't use default package
DepAnn	off by default	ADD	Item documented with a @deprecated javadoc note is not annotated with @Deprecated
DeprecatedVariable	default-on WARNING	ADD	Applying the @Deprecated annotation to local variables or parameters has no effect
DifferentNameButSame	off by default	ADD	This type is referred to in different ways within this file, which may be confusing
DirectInvocationOnMock	default-on WARNING	EXCLUDE	(a) no surface: Mockito not used
DistinctVarargsChecker	default-on WARNING	ADD	Method expects distinct arguments at some/all positions
DoNotCallSuggester	default-on WARNING	EXCLUDE	(c) needs dependency: requires @DoNotCall from error_prone_annotations
DoNotClaimAnnotations	default-on WARNING	EXCLUDE	(a) no surface: targets Error Prone plugin / annotation-processor authoring
DoNotMockAutoValue	default-on WARNING	EXCLUDE	(a) no surface: AutoValue/AutoFactory/auto-common not used
DoubleCheckedLocking	default-on WARNING	ADD	Double-checked locking on non-volatile fields is unsafe
DuplicateAssertion	default-on WARNING	ADD	This assertion is duplicate
DuplicateBranches	default-on WARNING	ADD	Both branches contain identical code
DuplicateDateFormatField	default-on WARNING	ADD	Reuse of DateFormat fields is most likely unintentional
EffectivelyPrivate	default-on WARNING	ADD	This declaration has public or protected modifiers, but is effectively private
EmptyBlockTag	default-on WARNING	ADD	A block tag (@param, @return, @throws, @deprecated) has an empty description. Block tags without descriptions don't add much value for future readers of the cod
EmptyCatch	default-on WARNING	ADD	Caught exceptions should not be ignored
EmptyIf	off by default	ADD	Empty statement after if
EmptySetMultibindingContributions	default-on WARNING	EXCLUDE	(a) no surface: Dagger not used
EmptyTopLevelDeclaration	default-on WARNING	ADD	Empty top-level type declarations should be omitted
EnumOrdinal	default-on WARNING	ADD	already at ERROR since #215
EqualsBrokenForNull	off by default	ADD	equals() implementation may throw NullPointerException when given null
EqualsGetClass	default-on WARNING	ADD	Prefer instanceof to getClass when implementing Object#equals. Note that this may be a behaviour change
EqualsIncompatibleType	default-on WARNING	ADD	An equality test between objects with incompatible types always returns false
EqualsMissingNullable	off by default	ADD	Method overrides Object.equals but does not have @Nullable on its parameter
EqualsUnsafeCast	default-on WARNING	ADD	The contract of #equals states that it should return false for incompatible types, while this implementation may throw ClassCastException
EqualsUsingHashCode	default-on WARNING	ADD	Implementing #equals by just comparing hashCodes is fragile. Hashes collide frequently, and this will lead to false positives in #equals
ErroneousBitwiseExpression	default-on WARNING	ADD	This expression evaluates to 0. If this isn't an error, consider expressing it as a literal 0
ErroneousThreadPoolConstructorChecker	default-on WARNING	ADD	Thread pool size will never go beyond corePoolSize if an unbounded queue is used
EscapedEntity	default-on WARNING	ADD	HTML entities in @code/@literal tags will appear literally in the rendered javadoc
ExpectedExceptionChecker	off by default	EXCLUDE	(a) no surface: JUnit 3/4-specific; tests are JUnit 5
ExpensiveLenientFormatString	default-on WARNING	ADD	String.format is passed to a lenient formatting method, which can be unwrapped to improve efficiency
ExplicitArrayForVarargs	off by default	ADD	Avoid explicit array creation for varargs
ExposedPrivateType	default-on WARNING	ADD	Private member classes should not be referenced in signatures of non-private members
ExtendingJUnitAssert	default-on WARNING	EXCLUDE	(a) no surface: JUnit 3/4-specific; tests are JUnit 5
ExtendsAutoValue	off by default	EXCLUDE	(a) no surface: AutoValue/AutoFactory/auto-common not used
ExtendsObject	default-on WARNING	ADD	`T extends Object` is redundant (unless you are using the Checker Framework)
FallThrough	default-on WARNING	ADD	Switch case may fall through
FieldCanBeFinal	off by default	ADD	This field is only assigned during initialization; consider making it final
FieldCanBeLocal	off by default	ADD	This field can be replaced with a local variable in the methods that use it
FieldCanBeStatic	off by default	ADD	A final field initialized at compile-time with an instance of an immutable type can be static
FieldMissingNullable	off by default	ADD	Field is assigned (or compared against) a definitely null value but is not annotated @Nullable
Finalize	default-on WARNING	ADD	Do not override finalize
Finally	default-on WARNING	ADD	If you return or throw from a finally, then values returned or thrown from the try-catch block will be ignored. Consider using try-with-resources instead
FloatCast	default-on WARNING	ADD	Use parentheses to make the precedence explicit
FloatingPointAssertionWithinEpsilon	default-on WARNING	ADD	This fuzzy equality check is using a tolerance less than the gap to the next number. You may want a less restrictive tolerance, or to assert equality
FloatingPointLiteralPrecision	default-on WARNING	ADD	Floating point literal loses precision
FloggerArgumentToString	default-on WARNING	EXCLUDE	(a) no surface: Flogger not used
FloggerLogWithCause	off by default	EXCLUDE	(a) no surface: Flogger not used
FloggerMessageFormat	off by default	EXCLUDE	(a) no surface: Flogger not used
FloggerPerWithoutRateLimit	default-on WARNING	EXCLUDE	(a) no surface: Flogger not used
FloggerRedundantIsEnabled	off by default	EXCLUDE	(a) no surface: Flogger not used
FloggerRequiredModifiers	off by default	EXCLUDE	(a) no surface: Flogger not used
FloggerStringConcatenation	default-on WARNING	EXCLUDE	(a) no surface: Flogger not used
FloggerWithCause	off by default	EXCLUDE	(a) no surface: Flogger not used
FloggerWithoutCause	off by default	EXCLUDE	(a) no surface: Flogger not used
ForEachIterable	off by default	ADD	This loop can be replaced with an enhanced for loop
FormatStringShouldUsePlaceholders	default-on WARNING	ADD	Using a format string avoids string concatenation in the common case
FragmentInjection	default-on WARNING	EXCLUDE	(a) no surface: not an Android app
FragmentNotInstantiable	default-on WARNING	EXCLUDE	(a) no surface: not an Android app
FunctionalInterfaceClash	off by default	ADD	Overloads will be ambiguous when passing lambda arguments
FutureReturnValueIgnored	default-on WARNING	ADD	Return value of methods returning Future must be checked. Ignoring returned Futures suppresses exceptions thrown from the code that completes the Future
FutureTransformAsync	default-on WARNING	ADD	Use transform instead of transformAsync when all returns are an immediate future
GetClassOnEnum	default-on WARNING	ADD	Calling getClass() on an enum may return a subclass of the enum type
GuiceNestedCombine	default-on WARNING	EXCLUDE	(a) no surface: no dependency-injection framework (Guice/Dagger/javax.inject) used
HardCodedSdCardPath	off by default	EXCLUDE	(a) no surface: not an Android app
HidingField	default-on WARNING	ADD	Hiding fields of superclasses may cause confusion and errors
ICCProfileGetInstance	default-on WARNING	ADD	This method searches the class path for the given file, prefer to read the file and call getInstance(byte[]) or getInstance(InputStream)
IdentifierName	off by default	ADD	Methods and non-static variables should be named in lowerCamelCase
IdentityHashMapUsage	default-on WARNING	ADD	IdentityHashMap usage shouldn't be intermingled with Map
IfChainToSwitch	default-on WARNING	ADD	This if-chain may be converted into a switch
IgnoredPureGetter	default-on WARNING	EXCLUDE	(a) no surface: AutoValue/AutoFactory/auto-common not used
ImmutableAnnotationChecker	default-on WARNING	ADD	Annotations should always be immutable
ImmutableEnumChecker	default-on WARNING	ADD	already at ERROR since #215
ImmutableMemberCollection	off by default	EXCLUDE	(c) needs dependency: fix is Guava Immutable* collection types; Guava not a dependency
ImmutableRefactoring	off by default	EXCLUDE	(a) no surface: JSR-305 annotations not used
ImmutableSetForContains	off by default	EXCLUDE	(a) no surface: Guava not a dependency
ImplementAssertionWithChaining	off by default	EXCLUDE	(a) no surface: Truth not used (JUnit 5 assertions only)
InconsistentCapitalization	default-on WARNING	ADD	It is confusing to have a field and a parameter under the same scope that differ only in capitalization
InconsistentHashCode	default-on WARNING	ADD	Including fields in hashCode which are not compared in equals violates the contract of hashCode
InconsistentOverloads	off by default	ADD	The ordering of parameters in overloaded methods should be as consistent as possible (when viewed from left to right)
IncorrectMainMethod	default-on WARNING	ADD	'main' methods must be public, static, and void
IncrementInForLoopAndHeader	default-on WARNING	ADD	This for loop increments the same variable in the header and in the body
InheritDoc	default-on WARNING	ADD	Invalid use of @inheritDoc
InitializeInline	off by default	ADD	Initializing variables in their declaring statement is clearer, where possible
InjectedConstructorAnnotations	default-on WARNING	EXCLUDE	(a) no surface: no dependency-injection framework (Guice/Dagger/javax.inject) used
InjectInvalidTargetingOnScopingAnnotation	default-on WARNING	EXCLUDE	(a) no surface: no dependency-injection framework (Guice/Dagger/javax.inject) used
InjectOnBugCheckers	default-on WARNING	EXCLUDE	(a) no surface: no dependency-injection framework (Guice/Dagger/javax.inject) used
InjectOnConstructorOfAbstractClass	default-on WARNING	EXCLUDE	(a) no surface: no dependency-injection framework (Guice/Dagger/javax.inject) used
InjectScopeAnnotationOnInterfaceOrAbstractClass	default-on WARNING	EXCLUDE	(a) no surface: no dependency-injection framework (Guice/Dagger/javax.inject) used
InlineFormatString	default-on WARNING	ADD	Prefer to create format strings inline, instead of extracting them to a single-use constant
InlineMeInliner	default-on WARNING	ADD	Callers of this API should be inlined
InlineMeSuggester	default-on WARNING	EXCLUDE	(c) needs dependency: requires @InlineMe from error_prone_annotations
InlineTrivialConstant	default-on WARNING	ADD	Consider inlining this constant
InputStreamSlowMultibyteRead	default-on WARNING	ADD	Please also override int read(byte[], int, int), otherwise multi-byte reads from this input stream are likely to be slow
InsecureCryptoUsage	off by default	ADD	A standard cryptographic operation is used in a mode that is prone to vulnerabilities
InstanceOfAndCastMatchWrongType	default-on WARNING	ADD	Casting inside an if block should be plausibly consistent with the instanceof type
InterfaceWithOnlyStatics	off by default	ADD	This interface only contains static fields and methods; consider making it a final class instead to prevent subclassing
InterruptedExceptionSwallowed	off by default	ADD	This catch block appears to be catching an explicitly declared InterruptedException as an Exception/Throwable and not handling the interruption separately
InterruptedInCatchBlock	default-on WARNING	ADD	Did you mean to call Thread.currentThread().interrupt() instead of Thread.interrupted()?
Interruption	off by default	ADD	Always pass 'false' to 'Future.cancel()', unless you are propagating a cancellation-with-interrupt from another caller
IntFloatConversion	default-on WARNING	ADD	Conversion from int to float may lose precision; use an explicit cast to float if this was intentional
IntLiteralCast	default-on WARNING	ADD	Consider using a literal of the desired type instead of casting an int literal
IntLongMath	default-on WARNING	ADD	Expression of type int may overflow before being assigned to a long
InvalidBlockTag	default-on WARNING	ADD	This tag is invalid
InvalidInlineTag	default-on WARNING	ADD	This tag is invalid
InvalidLink	default-on WARNING	ADD	This @link tag looks wrong
InvalidParam	default-on WARNING	ADD	This @param tag doesn't refer to a parameter of the method
InvalidSnippet	default-on WARNING	ADD	This tag is invalid
InvalidThrows	default-on WARNING	ADD	The documented method doesn't actually throw this checked exception
InvalidThrowsLink	default-on WARNING	ADD	Don't use {@link} or {@code} in @throws tags; mention the exception name directly (e.g., @throws IOException, not @throws {@link IOException})
IterableAndIterator	default-on WARNING	ADD	Class should not implement both `Iterable` and `Iterator`
IterablePathParameter	off by default	ADD	Path implements Iterable<Path>; prefer Collection<Path> for clarity
Java8ApiChecker	off by default	EXCLUDE	(a)/(d) no surface: checks JDK 8 API compatibility; project targets Java 17
JavaDurationGetSecondsGetNano	default-on WARNING	ADD	duration.getNano() only accesses the underlying nanosecond adjustment from the whole second
JavaDurationGetSecondsToToSeconds	default-on WARNING	ADD	Prefer duration.toSeconds() over duration.getSeconds()
JavaDurationWithNanos	default-on WARNING	ADD	Use of java.time.Duration.withNanos(int) is not allowed
JavaDurationWithSeconds	default-on WARNING	ADD	Use of java.time.Duration.withSeconds(long) is not allowed
JavaInstantGetSecondsGetNano	default-on WARNING	ADD	instant.getNano() only accesses the underlying nanosecond adjustment from the whole second
JavaLocalDateTimeGetNano	default-on WARNING	ADD	localDateTime.getNano() only access the nanos-of-second field. It's rare to only use getNano() without a nearby getSecond() call
JavaLocalTimeGetNano	default-on WARNING	ADD	localTime.getNano() only accesses the nanos-of-second field. It's rare to only use getNano() without a nearby getSecond() call
JavaPeriodGetDays	default-on WARNING	ADD	period.getDays() only accesses the "days" portion of the Period, and doesn't represent the total span of time of the period. Consider using org.threeten.extra.D
JavaTimeDefaultTimeZone	default-on WARNING	ADD	java.time APIs that silently use the default system time-zone are not allowed
JavaUtilDate	default-on WARNING	ADD	Date has a bad API that leads to bugs; prefer java.time.Instant or LocalDate
JavaxInjectOnFinalField	default-on WARNING	EXCLUDE	(a) no surface: no dependency-injection framework (Guice/Dagger/javax.inject) used
JdkObsolete	default-on WARNING	ADD	Suggests alternatives to obsolete JDK classes
JodaConstructors	default-on WARNING	EXCLUDE	(a) no surface: Joda-Time not used
JodaDateTimeConstants	default-on WARNING	EXCLUDE	(a) no surface: Joda-Time not used
JodaDurationWithMillis	default-on WARNING	EXCLUDE	(a) no surface: Joda-Time not used
JodaInstantWithMillis	default-on WARNING	EXCLUDE	(a) no surface: Joda-Time not used
JodaNewPeriod	default-on WARNING	EXCLUDE	(a) no surface: Joda-Time not used
JodaPlusMinusLong	default-on WARNING	EXCLUDE	(a) no surface: Joda-Time not used
JodaTimeConverterManager	default-on WARNING	EXCLUDE	(a) no surface: Joda-Time not used
JodaWithDurationAddedLong	default-on WARNING	EXCLUDE	(a) no surface: Joda-Time not used
JUnit3FloatingPointComparisonWithoutDelta	default-on WARNING	EXCLUDE	(a) no surface: JUnit 3/4-specific; tests are JUnit 5
JUnit4ClassUsedInJUnit3	default-on WARNING	EXCLUDE	(a) no surface: JUnit 3/4-specific; tests are JUnit 5
JUnit4EmptyMethods	default-on WARNING	EXCLUDE	(a) no surface: JUnit 3/4-specific; tests are JUnit 5
JUnitAmbiguousTestClass	default-on WARNING	EXCLUDE	(a) no surface: JUnit 3/4-specific; tests are JUnit 5
JUnitIncompatibleType	default-on WARNING	ADD	The types passed to this assertion are incompatible
JUnitMethodInvoked	default-on WARNING	ADD	Directly invoking a JUnit test method is discouraged; only the JUnit test runner should call these methods. If you need to share logic between tests, extract a 
LambdaFunctionalInterface	off by default	ADD	Use Java's utility functional interfaces instead of Function<A, B> for primitive types
ListRemoveAmbiguous	default-on WARNING	ADD	Ambiguous call to List.remove; clarify if index-based or value-based removal was intended by adding a comment
LiteEnumValueOf	default-on WARNING	EXCLUDE	(a) no surface: protobuf not used
LiteProtoToString	default-on WARNING	EXCLUDE	(a) no surface: protobuf not used
LockNotBeforeTry	default-on WARNING	ADD	Calls to Lock#lock should be immediately followed by a try block which releases the lock
LockOnNonEnclosingClassLiteral	default-on WARNING	ADD	Lock on the class other than the enclosing class of the code block can unintentionally prevent the locked class being used properly
LogicalAssignment	default-on WARNING	ADD	Assignment where a boolean expression was expected; use == if this assignment wasn't expected or add parentheses for clarity
LongDoubleConversion	default-on WARNING	ADD	Conversion from long to double may lose precision; use an explicit cast to double if this was intentional
LongFloatConversion	default-on WARNING	ADD	Conversion from long to float may lose precision; use an explicit cast to float if this was intentional
LongLiteralLowerCaseSuffix	off by default	ADD	Prefer 'L' to 'l' for the suffix to long literals
LoopOverCharArray	default-on WARNING	ADD	toCharArray allocates a new array, using charAt is more efficient
MalformedInlineTag	default-on WARNING	ADD	This Javadoc tag is malformed. The correct syntax is {@tag and not @{tag
MathAbsoluteNegative	default-on WARNING	ADD	Math.abs() does not always give a non-negative result. Please consider other methods for positive numbers, such as IntMath.saturatedAbs() or Math.floorMod()
MemoizeConstantVisitorStateLookups	default-on WARNING	EXCLUDE	(a) no surface: targets Error Prone plugin / annotation-processor authoring
MethodCanBeStatic	off by default	ADD	This method does not reference the enclosing instance and can be static
MisformattedTestData	default-on WARNING	ADD	This test data will be more readable if correctly formatted
MissingBraces	off by default	ADD	The Google Java Style Guide requires braces to be used with if, else, for, do and while statements, even when the body is empty or contains only a single statem
MissingCasesInEnumSwitch	default-on WARNING	ADD	Switches on enum types should either handle all values, or have a default case
MissingDefault	off by default	ADD	The Google Java Style Guide requires that each switch statement includes a default statement group (even if it contains no code) unless the switch statement cov
MissingFail	default-on WARNING	ADD	Not calling fail() when expecting an exception masks bugs
MissingImplementsComparable	default-on WARNING	ADD	Classes implementing valid compareTo function should implement Comparable interface
MissingOverride	default-on WARNING	ADD	method overrides method in supertype; expected @Override
MissingRefasterAnnotation	default-on WARNING	EXCLUDE	(a) no surface: targets Error Prone plugin / annotation-processor authoring
MissingRuntimeRetention	off by default	EXCLUDE	(a) no surface: no dependency-injection framework (Guice/Dagger/javax.inject) used
MissingSummary	default-on WARNING	ADD	already at ERROR since #215
MixedArrayDimensions	off by default	ADD	C-style array declarations should not be used
MixedMutabilityReturnType	default-on WARNING	ADD	This method returns both mutable and immutable collections or maps from different paths. This may be confusing for users of the method
MockIllegalThrows	default-on WARNING	EXCLUDE	(a) no surface: Mockito not used
MockitoDoSetup	off by default	EXCLUDE	(a) no surface: Mockito not used
MockNotUsedInProduction	default-on WARNING	EXCLUDE	(a) no surface: Mockito not used
ModifiedButNotUsed	default-on WARNING	ADD	A collection or proto builder was created, but its values were never accessed
ModifyCollectionInEnhancedForLoop	default-on WARNING	ADD	Modifying a collection while iterating over it in a loop may cause a ConcurrentModificationException to be thrown or lead to undefined behavior
ModifySourceCollectionInStream	default-on WARNING	ADD	Modifying the backing source during stream operations may cause unintended results
MoreThanOneQualifier	off by default	EXCLUDE	(a) no surface: no dependency-injection framework (Guice/Dagger/javax.inject) used
MultimapKeys	default-on WARNING	EXCLUDE	(a) no surface: Guava not a dependency
MultipleNullnessAnnotations	default-on WARNING	ADD	This type use has conflicting nullness annotations
MultipleParallelOrSequentialCalls	default-on WARNING	ADD	Multiple calls to either parallel or sequential are unnecessary and cause confusion
MultipleTopLevelClasses	off by default	ADD	Source files should not contain multiple top-level class declarations
MultipleUnaryOperatorsInMethodCall	default-on WARNING	ADD	Avoid having multiple unary operators acting on the same variable in a method call
MultiVariableDeclaration	off by default	ADD	Variable declarations should declare only one variable
MutableGuiceModule	off by default	EXCLUDE	(a) no surface: no dependency-injection framework (Guice/Dagger/javax.inject) used
MutablePublicArray	default-on WARNING	ADD	Non-empty arrays are mutable, so this `public static final` array is not a constant and can be modified by clients of this class.  Prefer an ImmutableList, or p
NamedLikeContextualKeyword	default-on WARNING	ADD	Avoid naming of classes and methods that is similar to contextual keywords.  When invoking such a method, qualify it
NarrowCalculation	default-on WARNING	ADD	This calculation may lose precision compared to its target type
NarrowingCompoundAssignment	default-on WARNING	ADD	Compound assignments may hide dangerous casts
NegativeBoolean	off by default	ADD	Prefer positive boolean names
NegativeCharLiteral	default-on WARNING	ADD	Casting a negative signed literal to an (unsigned) char might be misleading
NestedInstanceOfConditions	default-on WARNING	ADD	Nested instanceOf conditions of disjoint types create blocks of code that never execute
NewFileSystem	default-on WARNING	ADD	Starting in JDK 13, this call is ambiguous with FileSystem.newFileSystem(Path,Map)
NoAllocation	off by default	ADD	@NoAllocation was specified on this method, but something was found that would trigger an allocation
NonApiType	default-on WARNING	ADD	Certain types should not be passed across API boundaries
NonAtomicVolatileUpdate	default-on WARNING	ADD	This update of a volatile variable is non-atomic
NonCanonicalStaticMemberImport	off by default	ADD	Static import of member uses non-canonical name
NonCanonicalType	default-on WARNING	ADD	This type is referred to by a non-canonical name, which may be misleading
NonFinalStaticField	off by default	ADD	Static fields should almost always be final
NonOverridingEquals	default-on WARNING	ADD	equals method doesn't override Object.equals
NotJavadoc	default-on WARNING	ADD	Avoid using `/**` for comments which aren't actually Javadoc
NullableConstructor	default-on WARNING	ADD	Constructors should not be annotated with @Nullable since they cannot return null
NullableOptional	default-on WARNING	ADD	Using an Optional variable which is expected to possibly be null is discouraged. It is best to indicate the absence of the value by assigning it an empty option
NullablePrimitive	default-on WARNING	ADD	Nullness annotations should not be used for primitive types since they cannot be null
NullablePrimitiveArray	default-on WARNING	ADD	@Nullable type annotations should not be used for primitive types since they cannot be null
NullableTypeParameter	default-on WARNING	ADD	Nullness annotations directly on type parameters are interpreted differently by different tools
NullableVoid	default-on WARNING	ADD	void-returning methods should not be annotated with nullness annotations, since they cannot return null
NullableWildcard	default-on WARNING	ADD	Nullness annotations directly on wildcard types are interpreted differently by different tools
NullOptional	default-on WARNING	ADD	Passing a literal null to an Optional parameter is almost certainly a mistake. Did you mean to provide an empty Optional?
ObjectEqualsForPrimitives	default-on WARNING	ADD	Avoid unnecessary boxing by using plain == for primitive types
ObjectsHashCodePrimitive	default-on WARNING	ADD	Objects.hashCode(Object o) should not be passed a primitive value
ObjectToString	default-on WARNING	ADD	Calling toString on Objects that don't override toString() doesn't provide useful information
OperatorPrecedence	default-on WARNING	ADD	Use grouping parenthesis to make the operator precedence explicit
OptionalMapToOptional	default-on WARNING	ADD	Mapping to another Optional will yield a nested Optional. Did you mean flatMap?
OptionalNotPresent	default-on WARNING	ADD	This Optional has been confirmed to be empty at this point, so the call to `get()` or `orElseThrow()` will always throw
OrphanedFormatString	default-on WARNING	ADD	String literal contains format specifiers, but is not passed to a format method
OutlineNone	default-on WARNING	ADD	Setting CSS outline style to none or 0 (while not otherwise providing visual focus indicators) is inaccessible for users navigating a web page without a mouse
Overrides	default-on WARNING	ADD	Varargs doesn't agree for overridden method
OverridesGuiceInjectableMethod	default-on WARNING	EXCLUDE	(a) no surface: no dependency-injection framework (Guice/Dagger/javax.inject) used
OverrideThrowableToString	default-on WARNING	ADD	To return a custom message with a Throwable class, one should override getMessage() instead of toString()
OverridingMethodInconsistentArgumentNamesChecker	default-on WARNING	ADD	Arguments of overriding method are inconsistent with overridden method
PackageLocation	off by default	ADD	Package names should match the directory they are declared in
ParameterComment	off by default	ADD	Non-standard parameter comment; prefer `/* paramName= */ arg`
ParameterMissingNullable	off by default	ADD	Parameter has handling for null but is not annotated @Nullable
ParameterName	default-on WARNING	ADD	Detects `/* name= */`-style comments on actual parameters where the name doesn't match the formal parameter
PatternMatchingInstanceof	default-on WARNING	ADD	This code can be simplified to use a pattern-matching instanceof
PreconditionsCheckNotNullRepeated	default-on WARNING	EXCLUDE	(a) no surface: Guava not a dependency
PreferInstanceofOverGetKind	default-on WARNING	ADD	Prefer instanceof over getKind() checks where possible, as these work well with pattern matching instanceofs
PreferJavaTimeOverload	off by default	ADD	Prefer using java.time-based APIs when available. Note that this checker does not and cannot guarantee that the overloads have equivalent semantics, but that is
PreferredInterfaceType	off by default	ADD	This type can be more specific
PreferTestParameter	default-on WARNING	EXCLUDE	(a) no surface: TestParameterInjector not used
PreferThrowsTag	default-on WARNING	ADD	Prefer the @throws javadoc tag instead of @exception
PrimitiveArrayPassedToVarargsMethod	off by default	ADD	Passing a primitive array to a varargs method is usually wrong
PrimitiveAtomicReference	default-on WARNING	ADD	Using compareAndSet with boxed primitives is dangerous, as reference rather than value equality is used. Consider using AtomicInteger, AtomicLong, AtomicBoolean
PrivateConstructorForNoninstantiableModule	off by default	EXCLUDE	(a) no surface: Dagger not used
PrivateConstructorForUtilityClass	off by default	ADD	Classes which are not intended to be instantiated should be made non-instantiable with a private constructor. This includes utility classes (classes with only s
ProtectedMembersInFinalClass	default-on WARNING	ADD	Protected members in final classes can be package-private
ProtoDurationGetSecondsGetNano	default-on WARNING	EXCLUDE	(a) no surface: protobuf not used
ProtoTimestampGetSecondsGetNano	default-on WARNING	EXCLUDE	(a) no surface: protobuf not used
PublicApiNamedStreamShouldReturnStream	off by default	ADD	Public methods named stream() are generally expected to return a type whose name ends with Stream. Consider choosing a different method name instead
QualifierOrScopeOnInjectMethod	default-on WARNING	EXCLUDE	(a) no surface: no dependency-injection framework (Guice/Dagger/javax.inject) used
QualifierWithTypeUse	off by default	EXCLUDE	(a) no surface: no dependency-injection framework (Guice/Dagger/javax.inject) used
ReachabilityFenceUsage	default-on WARNING	ADD	reachabilityFence should always be called inside a finally block
RecordComponentAccessorAnnotationConflict	off by default	ADD	Annotation on record component is ignored
RecordComponentOverride	default-on WARNING	ADD	@Override annotations on record components don't do anything
RedundantControlFlow	default-on WARNING	ADD	This continue statement is redundant and can be removed. It may be misleading
RedundantNullCheck	off by default	ADD	Null check on an expression that is statically determined to be non-null according to language semantics or nullness annotations
RedundantOverride	off by default	ADD	This overriding method is redundant, and can be removed
RedundantThrows	off by default	ADD	Thrown exception is a subtype of another
RefactorSwitch	default-on WARNING	ADD	This switch can be refactored to be more readable
ReferenceEquality	default-on WARNING	ADD	Comparison using reference equality instead of value equality
RefersToDaggerCodegen	off by default	EXCLUDE	(a) no surface: Dagger not used
RemoveUnusedImports	off by default	ADD	Unused imports
RethrowReflectiveOperationExceptionAsLinkageError	default-on WARNING	ADD	Prefer LinkageError for rethrowing ReflectiveOperationException as unchecked
ReturnAtTheEndOfVoidFunction	default-on WARNING	ADD	`return;` is unnecessary at the end of void methods and constructors
ReturnFromVoid	default-on WARNING	ADD	Void methods should not have a @return tag
ReturnMissingNullable	off by default	ADD	Method returns a definitely null value but is not annotated @Nullable
ReturnsNullCollection	off by default	ADD	Method has a collection return type and returns {@code null} in some cases but does not annotate the method as @Nullable. See Effective Java 3rd Edition Item 54
RobolectricShadowDirectlyOn	default-on WARNING	ADD	Migrate off a deprecated overload of org.robolectric.shadow.api.Shadow#directlyOn
RuleNotRun	default-on WARNING	ADD	This TestRule isn't annotated with @Rule, so won't be run
RxReturnValueIgnored	default-on WARNING	EXCLUDE	(a) no surface: platform not used
SameNameButDifferent	default-on WARNING	ADD	This type name shadows another in a way that may be confusing
ScannerUseDelimiter	default-on WARNING	ADD	Scanner.useDelimiter is not an efficient way to read an entire InputStream
ScopeOnModule	off by default	ADD	Scopes on modules have no function and will soon be an error
SelfAlwaysReturnsThis	default-on WARNING	ADD	Non-abstract instance methods named 'self()' or 'getThis()' that return the enclosing class must always 'return this'
SelfSet	default-on WARNING	ADD	This setter seems to be invoked with a value from its own getter. Is it redundant?
ShortCircuitBoolean	default-on WARNING	ADD	Prefer the short-circuiting boolean operators && and // to & and /
StatementSwitchToExpressionSwitch	default-on WARNING	ADD	This statement switch can be converted to a new-style arrow switch
StaticAssignmentInConstructor	default-on WARNING	ADD	This assignment is to a static field. Mutating static state from a constructor is highly error-prone
StaticAssignmentOfThrowable	default-on WARNING	ADD	Saving instances of Throwable in static fields is discouraged, prefer to create them on-demand when an exception is thrown
StaticGuardedByInstance	default-on WARNING	ADD	Writes to static fields should not be guarded by instance locks
StaticMockMember	default-on WARNING	EXCLUDE	(a) no surface: Mockito not used
StaticOrDefaultInterfaceMethod	off by default	EXCLUDE	(a) no surface: not an Android app
StaticQualifiedUsingExpression	off by default	ADD	A static variable or method should be qualified with a class name, not expression
StreamResourceLeak	default-on WARNING	ADD	Streams that encapsulate a closeable resource should be closed using try-with-resources
StreamToIterable	default-on WARNING	ADD	Using stream::iterator creates a one-shot Iterable, which may cause surprising failures
StringCaseLocaleUsage	default-on WARNING	ADD	already at ERROR since #215
StringCharset	default-on WARNING	ADD	Prefer StandardCharsets over using string names for charsets
StringConcatToTextBlock	default-on WARNING	ADD	This string literal can be written more clearly as a text block
StringFormatWithLiteral	off by default	ADD	There is no need to use String.format() when all the arguments are literals
StringSplitter	default-on WARNING	ADD	String.split(String) has surprising behavior
StronglyTypeByteString	off by default	EXCLUDE	(a) no surface: protobuf not used
StronglyTypeTime	off by default	ADD	This primitive integral type is only used to construct time types. It would be clearer to strongly type the field instead
SunApi	off by default	ADD	Usage of internal proprietary API which may be removed in a future release
SuperCallToObjectMethod	default-on WARNING	ADD	`super.equals(obj)` and `super.hashCode()` are often bugs when they call the methods defined in `java.lang.Object`
SuppressWarningsWithoutExplanation	off by default	ADD	Use of @SuppressWarnings should be accompanied by a comment describing why the warning is safe to ignore
SwigMemoryLeak	default-on WARNING	ADD	SWIG generated code that can't call a C++ destructor will leak memory
SwitchDefault	off by default	ADD	The default case of a switch should appear at the end of the last statement group
SymbolToString	off by default	ADD	Element#toString shouldn't be used for comparison as it is expensive and fragile
SynchronizeOnNonFinalField	default-on WARNING	ADD	Synchronizing on non-final fields is not safe: if the field is ever updated, different threads may end up locking on different objects
SystemConsoleNull	default-on WARNING	ADD	System.console() no longer returns null in JDK 22 and newer versions
SystemExitOutsideMain	off by default	ADD	Code that contains System.exit() is untestable
SystemOut	off by default	ADD	Production code should not print to standard out or standard error. Standard out and standard error should only be used for debugging
TestExceptionChecker	off by default	ADD	Using @Test(expected=...) is discouraged, since the test will pass if *any* statement in the test method throws the expected exception
ThreadJoinLoop	default-on WARNING	ADD	Thread.join needs to be immediately surrounded by a loop until it succeeds. Consider using Uninterruptibles.joinUninterruptibly
ThreadLocalUsage	default-on WARNING	ADD	ThreadLocals should be stored in static fields
ThreadPriorityCheck	default-on WARNING	ADD	Relying on the thread scheduler is discouraged
ThreeLetterTimeZoneID	default-on WARNING	ADD	Three-letter time zone identifiers are deprecated, may be ambiguous, and might not do what you intend; the full IANA time zone ID should be used instead
ThrowableEqualsHashCode	default-on WARNING	ADD	Overriding Throwable.equals() or hashCode() is discouraged
ThrowIfUncheckedKnownUnchecked	default-on WARNING	ADD	`throwIfUnchecked(knownUnchecked)` is equivalent to `throw knownUnchecked`
ThrowSpecificExceptions	off by default	ADD	Base exception classes should be treated as abstract. If the exception is intended to be caught, throw a domain-specific exception. Otherwise, prefer a more spe
ThrowsUncheckedException	off by default	ADD	Unchecked exceptions do not need to be declared in the method signature
TimeInStaticInitializer	default-on WARNING	ADD	Accessing the current time in a static initialiser captures the time at class loading, which is rarely desirable
TimeUnitConversionChecker	default-on WARNING	ADD	This TimeUnit conversion looks buggy: converting from a smaller unit to a larger unit (and passing a constant), converting to/from the same TimeUnit, or convert
TimeUnitMismatch	off by default	ADD	An value that appears to be represented in one unit is used where another appears to be required (e.g., seconds where nanos are needed)
TooManyParameters	off by default	ADD	A large number of parameters on public APIs should be avoided
ToStringReturnsNull	default-on WARNING	ADD	An implementation of Object.toString() should never return null
TraditionalSwitchExpression	default-on WARNING	ADD	Prefer -> switches for switch expressions
TransientMisuse	off by default	ADD	Static fields are implicitly transient, so the explicit modifier is unnecessary
TruthAssertExpected	default-on WARNING	EXCLUDE	(a) no surface: Truth not used (JUnit 5 assertions only)
TruthConstantAsserts	default-on WARNING	EXCLUDE	(a) no surface: Truth not used (JUnit 5 assertions only)
TruthContainsExactlyElementsInUsage	off by default	EXCLUDE	(a) no surface: Truth not used (JUnit 5 assertions only)
TruthGetOrDefault	default-on WARNING	EXCLUDE	(a) no surface: Truth not used (JUnit 5 assertions only)
TruthIncompatibleType	default-on WARNING	EXCLUDE	(a) no surface: Truth not used (JUnit 5 assertions only)
TryFailRefactoring	off by default	EXCLUDE	(a) no surface: JUnit 3/4-specific; tests are JUnit 5
TryWithResourcesVariable	off by default	ADD	This variable is unnecessary, the try-with-resources resource can be a reference to a final or effectively final variable
TypeEquals	default-on WARNING	ADD	TypeMirror should be compared using Types#isSameType, not equality operators or equals()
TypeNameShadowing	default-on WARNING	ADD	Type parameter declaration shadows another named type
TypeParameterNaming	off by default	ADD	Type parameters must be a single letter with an optional numeric suffix, or an UpperCamelCase name followed by the letter 'T'
TypeParameterShadowing	default-on WARNING	ADD	Type parameter declaration overrides another type parameter already declared
TypeParameterUnusedInFormals	default-on WARNING	ADD	Declaring a type parameter that is only used in the return type is a misuse of generics: operations on the type parameter are unchecked, it hides unsafe casts a
TypeToString	off by default	ADD	TypeMirror#toString shouldn't be used for comparison as it is expensive and fragile
UndefinedEquals	default-on WARNING	ADD	This type is not guaranteed to implement a useful equals() method
UnescapedEntity	off by default	ADD	Javadoc is interpreted as HTML, so HTML entities such as &, <, > must be escaped. If this finding seems wrong (e.g. is within a @code or @literal tag), check wh
UngroupedOverloads	off by default	ADD	Constructors and methods with the same name should appear sequentially with no other code in between, even when modifiers such as static or private differ betwe
UnicodeEscape	default-on WARNING	ADD	Using unicode escape sequences for printable ASCII characters is obfuscated, and potentially dangerous
UnnamedVariable	default-on WARNING	ADD	Consider renaming unused variables and lambda parameters to _
UnnecessarilyFullyQualified	off by default	ADD	This fully qualified name is unambiguous to the compiler if imported
UnnecessarilyUsedValue	off by default	ADD	The result of this API is ignorable, so it does not need to be captured / assigned into an `unused` variable
UnnecessarilyVisible	off by default	EXCLUDE	(a) no surface: Dagger not used
UnnecessaryAnonymousClass	off by default	ADD	Implementing a functional interface is unnecessary; prefer to implement the functional interface method directly and use a method reference instead
UnnecessaryAssignment	default-on WARNING	EXCLUDE	(a) no surface: no dependency-injection framework (Guice/Dagger/javax.inject) used
UnnecessaryAsync	default-on WARNING	ADD	Variables which are initialized and do not escape the current scope do not need to worry about concurrency. Using the non-concurrent type will reduce overhead a
UnnecessaryBoxedAssignment	off by default	ADD	This expression can be implicitly boxed
UnnecessaryBoxedVariable	off by default	ADD	It is unnecessary for this variable to be boxed. Use the primitive instead
UnnecessaryBreakInSwitch	default-on WARNING	ADD	This break is unnecessary, fallthrough does not occur in -> switches
UnnecessaryCopy	default-on WARNING	ADD	This collection is already immutable (just not ImmutableList/ImmutableMap); copying it is unnecessary
UnnecessaryDefaultInEnumSwitch	off by default	ADD	Switch handles all enum values: an explicit default case is unnecessary and defeats error checking for non-exhaustive switches
UnnecessaryFinal	off by default	ADD	Since Java 8, it's been unnecessary to make local variables and parameters `final` for use in lambdas or anonymous classes. Marking them as `final` is weakly di
UnnecessaryLambda	default-on WARNING	ADD	Returning a lambda from a helper method or saving it in a constant is unnecessary; prefer to implement the functional interface method directly and use a method
UnnecessaryLongToIntConversion	default-on WARNING	ADD	Converting a long or Long to an int to pass as a long parameter is usually not necessary. If this conversion is intentional, consider `Longs.constrainToRange()`
UnnecessaryMethodInvocationMatcher	default-on WARNING	ADD	It is not necessary to wrap a MethodMatcher with methodInvocation()
UnnecessaryMethodReference	default-on WARNING	ADD	This method reference is unnecessary, and can be replaced with the variable itself
UnnecessaryOptionalGet	off by default	ADD	This code can be simplified by directly using the lambda parameters instead of calling get..() on optional
UnnecessaryParentheses	default-on WARNING	ADD	These parentheses are unnecessary; it is unlikely the code will be misinterpreted without them
UnnecessaryQualifier	default-on WARNING	EXCLUDE	(a) no surface: no dependency-injection framework (Guice/Dagger/javax.inject) used
UnnecessarySemicolon	off by default	ADD	Unnecessary semicolons should be omitted. For empty block statements, prefer {}
UnnecessarySetDefault	off by default	ADD	Unnecessary call to NullPointerTester#setDefault
UnnecessaryStaticImport	off by default	ADD	Using static imports for types is unnecessary
UnnecessaryStringBuilder	default-on WARNING	ADD	Prefer string concatenation over explicitly using `StringBuilder#append`, since `+` reads better and has equivalent or better performance
UnnecessaryTestMethodPrefix	off by default	EXCLUDE	(a) no surface: JUnit 3/4-specific; tests are JUnit 5
UnrecognisedJavadocTag	default-on WARNING	ADD	This Javadoc tag wasn't recognised by the parser. Is it malformed somehow, perhaps with mismatched braces?
UnsafeFinalization	default-on WARNING	ADD	Finalizer may run before native code finishes execution
UnsafeLocaleUsage	off by default	ADD	Possible unsafe operation related to the java.util.Locale class
UnsafeReflectiveConstructionCast	default-on WARNING	ADD	Prefer `asSubclass` instead of casting the result of `newInstance`, to detect classes of incorrect type before invoking their constructors. This way, if the cla
UnsynchronizedOverridesSynchronized	default-on WARNING	ADD	Unsynchronized method overrides a synchronized method
UnusedException	off by default	ADD	This catch block catches an exception and re-throws another, but swallows the caught exception rather than setting it as a cause. This can make debugging harder
UnusedLabel	default-on WARNING	ADD	This label is unused
UnusedMethod	default-on WARNING	ADD	Unused
UnusedNestedClass	default-on WARNING	ADD	This nested class is unused, and can be removed
UnusedTypeParameter	default-on WARNING	ADD	This type parameter is unused and can be removed
UnusedVariable	default-on WARNING	ADD	Unused
URLEqualsHashCode	default-on WARNING	ADD	Avoid hash-based containers of java.net.URL--the containers rely on equals() and hashCode(), which cause java.net.URL to make blocking internet connections
UrlInSee	off by default	ADD	URLs should not be used in @see tags; they are designed for Java elements which could be used with @link
UseBinds	default-on WARNING	EXCLUDE	(a) no surface: Dagger not used
UseCorrectAssertInTests	off by default	ADD	Java assert is used in testing code. For testing purposes, prefer using Truth-based assertions
UseEnumSwitch	off by default	ADD	Prefer using a switch instead of a chained if-else for enums
UsingJsr305CheckReturnValue	off by default	EXCLUDE	(a) no surface: JSR-305 annotations not used
Var	off by default	EXCLUDE	(c) needs dependency: requires @Var from error_prone_annotations
VariableNameSameAsType	default-on WARNING	ADD	variableName and type with the same name would refer to the static field instead of the class
Varifier	off by default	EXCLUDE	(b) contradicts PMD UseExplicitTypes (.pmd-clean-code.xml), which forbids the `var` this check suggests
VarWithPrimitive	off by default	ADD	Avoid using `var` with primitive types. Explicit primitive type names are short and clear, and `var` provides no benefit in readability while potentially hiding
VoidMissingNullable	off by default	ADD	The type Void is not annotated @Nullable
VoidUsed	default-on WARNING	ADD	Using a Void-typed variable is potentially confusing, and can be replaced with a literal `null`
WaitNotInLoop	default-on WARNING	ADD	Because of spurious wakeups, Object.wait() and Condition.await() must always be called in a loop
WakelockReleasedDangerously	default-on WARNING	EXCLUDE	(a) no surface: not an Android app
WildcardImport	off by default	ADD	Wildcard imports, static or otherwise, should not be used
YodaCondition	off by default	EXCLUDE	(b) contradicts PMD LiteralsFirstInComparisons (.pmd-clean-code.xml), which requires the literal-first `"x".equals(s)` form this check flags
